CIRCUIT,total_length_mi,PRIMARY_ohms_per_mi,FEEDER_total_ohms,xfmr_per_mi,day_1pctl_v_pk_net_PV_2014,pk_vs_rating_net_PV_2014_capped
111,6.766856061,2.869198244,0.451935654,19.06350584,0.255361246,1.282902146
112,6.546780303,2.89889417,0.990615074,14.35820291,0.000762446,1.199297482
113,3.777083333,1.790143442,0.703048695,18.79757308,0.335159597,0.498880082
114,2.721969697,2.398332644,0.283352389,28.28833844,0.236970363,0.705223108
115,6.778030303,3.33992921,1.047357745,11.95037443,0.190260701,0.585627512
116,6.438257576,2.790557026,0.882675987,9.785256222,0.276785778,0.465898723
117,5.170643939,2.396253294,0.61846677,23.59474012,0.27728112,0.592947626
118,2.435037879,1.905037469,0.594689404,18.06953411,0.09146461,0.445011876
119,5.99375,2.986786536,0.728569738,18.68613139,0.24428607,1.182154016
120,3.621590909,1.841999271,0.053262379,23.74647003,0.394196498,0.496225874
121,7.905871212,3.013790608,0.993789066,14.16668663,0.253575306,0.970538495
122,2.422159091,0.525821273,0.135310574,4.541402768,0.25795989,0.093255924
123,1.730681818,0.539858914,0.412356384,8.667104399,0.293700066,0.247459631
124,3.412878788,2.611085541,0.285703536,25.19866815,0.355906383,0.773373412
125,5.048674242,2.864478024,0.554329203,19.2129647,0.30621106,0.805785608
126,1.773674242,0.654184292,0.373830033,12.96743193,0.443972511,0.399414514
127,2.398484848,0.809991047,0.376317442,25.0157928,0.336151654,0.513702614
128,1.588636364,0.642909342,0.190986134,23.91988555,0.370824125,0.279932265
129,7.259659091,2.790563577,0.318563631,20.66212726,0.313354803,0.426424654
130,1.493560606,0.815734097,0.328704307,10.71265534,0.391983358,0.264802893
131,3.613636364,2.090040732,0.443838147,17.1572327,0.264772423,1.107095703
132,3.817424242,2.115805785,0.495736573,17.81305815,0.361504985,0.868029346
133,4.475189394,2.033256259,0.644141963,22.79233146,0.296438045,0.839965156
134,1.085606061,0.564588342,0.3472759,8.29030007,0.174178735,0.204270312
135,3.093560606,2.14380672,0.061536146,6.141790131,0.330099699,0.187869822
136,5.71969697,2.783221279,0.370446715,18.35761589,0.248086139,1.024736008
137,3.167045455,1.293638051,0.250712394,19.26085396,0.311332037,0.882068259
138,1.241098485,0.59481464,0.11686391,16.92049443,0.315172754,0.290490491
139,0.946212121,0.573352105,0.135741499,14.79583667,0.392538075,0.207939872
140,1.01155303,0.527531687,0.025535618,12.85152593,0.270477997,0.489665905
141,0.877840909,0.707354034,0.039226601,23.9223301,0.35811376,0.205055905
142,1.230492424,0.80323244,0.114896375,26.81853163,0.26597259,0.768375861
143,0.874810606,0.617398517,0.182195256,24.00519593,0.139922294,0.568252102
144,0.487121212,0.537708721,0.101116592,30.79315708,0.325552218,0.245850312
145,0.856628788,0.732595034,0.081740461,31.51890338,0.228180425,0.364690396
146,1.29375,0.675544626,0.008881593,39.42028986,0.333392218,0.46729822
147,0.946590909,0.666091132,0.086560439,25.35414166,0.403019823,0.250401066
148,0.574621212,0.720982339,0.121176221,20.88332235,0.161456709,0.157722092
149,0.807575758,0.581152955,0.238706822,26.00375235,0.37364193,0.514429328
150,0.814393939,0.547847411,0.078686977,9.823255814,0.151121024,0.053061801
151,5.461363636,1.356031971,0.032717695,8.422804827,0.209918393,0.874932564
152,3.143181818,0.869684554,0.068453041,6.999276934,0.168930799,0.498504692
153,5.358143939,1.835452476,0.886366972,7.27863985,0.009896273,1.3
154,4.388068182,1.369099039,0.708650998,10.02719151,0.070694027,1.218832944
155,11.15359848,1.797474698,0.689972442,10.40023094,0.151554355,1.180157554
156,4.074242424,1.387385698,0.060155252,9.572331722,0.039372087,0.65987769
157,8.828219697,1.241234316,0.815923776,6.116748547,0.009978514,1.105554872
158,8.56875,1.559551912,0.984106354,8.75273523,0.020581665,1.037473832
159,4.343181818,1.133792454,0.346644923,5.756148613,0.149077573,0.933335133
160,4.740340909,1.078038717,0.108836954,9.07107755,0.153599873,0.65662043
161,6.931628788,2.52070383,0.966446045,16.30208476,0.217338553,0.979352322
162,3.247916667,1.687404547,0.794421607,16.01026299,0.196129506,0.694813763
163,6.154356061,3.043988586,0.592289723,12.99892291,0.152893229,0.913393325
164,3.701704545,1.568956684,0.284895629,14.31772832,0.230151416,0.703165014
165,5.081060606,2.860745703,0.748408139,15.9415536,0.16291859,0.942107678
166,5.822727273,2.32930736,0.662435426,11.67837627,0.1785085,0.905950247
167,6.898863636,3.183969166,0.964339016,12.46582112,0.165792778,0.90638096
168,6.637878788,3.328343695,0.042534201,16.1196074,0.138803882,1.3
169,4.358901515,3.149801884,0.159729405,18.12383228,0.137546462,0.856015731
170,6.375189394,3.246903614,0.322607035,15.6858085,0.17805137,0.949899178
171,6.2375,2.581163439,0.398970807,12.18436874,0.186383643,0.952187513
172,5.891856061,2.839005822,0.355270418,14.93587065,0.123490719,0.975899562
173,4.414772727,3.501469752,0.36542759,15.62934363,0.141026381,0.735553343
174,6.150568182,2.619559064,0.527207165,15.60831409,0.149731508,0.966951554
175,5.577651515,2.084364066,0.643941895,11.47436333,0.127025344,0.918292848
176,4.128409091,1.994670646,0.196741633,20.58904487,0.182805518,0.846939195
177,5.25719697,3.081305463,0.601287657,10.8422797,0.142963212,0.737260845
178,6.488257576,2.626545417,0.853903434,11.86759297,0.145004938,0.916147882
179,7.230492424,2.637313191,0.899161468,10.09613118,0.170154061,0.874742831
180,5.128219697,1.728012554,0.530799914,14.62495845,0.140648614,0.746200326
181,5.484090909,2.828605688,0.246712305,16.77579776,0.154345164,1.081578402
182,3.771590909,2.717289395,0.135509606,19.88550768,0.156880709,0.778105709
183,4.952462121,2.368471897,0.029006975,18.77853838,0.155153089,0.953854436
184,5.798674242,1.813078297,0.608370483,10.51964595,0.151504958,0.945894132
185,4.737878788,2.750373584,0.563800499,16.88519348,0.140852704,0.871833654
186,4.98655303,1.479365568,0.723600446,13.83721372,0.197795059,0.857781123
187,5.120075758,2.455902255,0.649203351,16.40600725,0.36887874,0.869347395
188,7.177651515,3.33986703,0.832400297,12.26027759,0.231565261,1.057320697
189,5.770075758,2.98465124,0.581104998,17.15748703,0.234334702,1.242890684
190,6.212310606,2.020577959,1.162239085,11.26794915,0.313876743,0.767357679
191,8.55719697,2.802741687,0.579425152,18.34712939,0.36353086,0.908318636
192,4.864583333,1.894743824,0.25200517,13.36188437,0.294383851,0.759600838
193,7.351136364,3.202138313,0.368793284,17.82037409,0.351016806,0.957994587
194,7.906628788,3.329053444,0.722237082,14.92418617,0.35227973,1.3
195,8.184280303,2.870611197,0.151963014,17.10596348,0.133073545,1.154233112
196,7.060795455,2.938778729,0.276891814,16.85362517,0.346416852,1.097240154
197,3.802651515,1.971524197,0.58900075,14.72656639,0.347587108,0.718759209
198,8.779545455,3.360469295,0.567628226,13.78203469,0.307918072,0.953754734
199,4.175189394,2.568814179,0.228476644,20.3583579,0.249971335,1.241543561
200,7.888257576,3.441194587,0.181374551,18.50852341,0.270005793,1.198246096
201,4.018560606,2.282497578,0.474036564,16.92148176,0.144773848,0.443338243
202,4.949810606,2.97012481,0.489871795,18.58656973,0.301712389,0.772684279
203,5.328409091,3.507728846,1.038473678,11.26039667,0.001736786,0.644072582
204,6.929356061,3.350910841,0.741687182,10.82351655,0.389605975,0.511143006
205,6.859090909,3.559076167,0.958049272,13.55864811,0.327003181,0.70503313
206,10.69848485,2.790922733,1.045677378,10.84265685,0.395749033,0.795362444
207,7.655492424,3.240496321,0.694008715,17.24252245,0.411252905,0.942289432
208,7.288068182,2.954425818,0.714216535,15.91642629,0.37664813,0.841712208
209,5.045075758,2.55252778,0.246892975,21.20879946,0.204193856,0.902770095
210,2.958522727,1.285225351,0.448310974,20.28039178,0.218977339,0.73152396
211,5.767424242,2.795868418,0.277461388,19.93957704,0.169293246,0.97973862
212,5.636174242,3.177490368,0.261322053,13.30689875,0.13050341,1.132614503
213,3.640719697,2.231791913,0.245075783,19.22696769,0.210582527,0.839456035
214,4.785037879,2.721727384,0.544648929,18.59964378,0.163751965,0.981368426
215,3.860984848,2.048476221,0.242792846,18.13008928,0.129852686,1.195474698
216,4.573106061,3.055974544,0.259432479,16.61890168,0.101921802,1.012744592
217,4.260227273,2.764473662,0.557844334,18.30888237,0.219783449,0.72535107
218,3.698674242,1.903592175,0.4928959,17.84423166,0.20538565,0.846386648
219,5.085037879,2.790135031,0.309032861,12.97925435,0.105393638,1.100496213
220,5.434659091,3.060584753,0.98436703,21.71249347,0.208996188,1.3
221,5.996590909,2.770942235,0.659016804,18.1769945,0.160413238,0.779615313
222,6.973295455,2.768488801,0.336674528,14.91403895,0.309732606,0.785175116
223,4.753219697,2.917094611,0.303008182,19.98645256,0.337778916,0.555373004
224,5.671022727,2.669657065,0.298802802,15.34114818,0.315904064,0.556602991
225,3.733522727,2.361949849,0.529093808,27.32004261,0.282275368,0.762920192
226,4.984280303,2.3303217,0.760548955,24.8782156,0.057288109,0.972106787
227,3.798295455,2.778295384,0.288717728,21.32535527,0.387755483,0.604004317
228,4.247537879,2.39609902,0.502673166,21.42417622,0.3270869,0.871947731
229,1.709659091,0.863099685,0.281221912,9.943502825,0.371303509,0.208487634
230,3.656060606,2.932759672,0.320703746,30.90758392,0.340677106,0.899069017
231,3.910795455,2.761875297,0.230285384,21.22330379,0.275272072,0.795032704
232,1.772159091,0.633836583,0.304578068,11.84995191,0.330854944,0.249625474
233,0.948863636,0.599113208,0.390820825,12.64670659,0.181800928,0.357856932
234,1.400378788,0.588022166,0.480912739,13.56775764,0,0.31361847
235,2.558901515,0.95464241,0.633193648,7.815853749,0.476816961,0.365541571
236,3.027840909,1.297289138,0.31394752,28.4030775,0.265743324,0.935127682
237,3.237689394,1.397990939,0.318496099,16.36969874,0.315660275,0.897984604
238,2.232386364,0.991192905,0.279929136,26.42911682,0.338366347,0.832069323
239,4.889772727,2.96030149,0.237473729,21.67789914,0.365390146,0.900974696
240,3.638825758,1.767017566,0.430928946,21.43548639,0.352835179,0.964078567
241,2.685606061,1.052747758,0.641330686,11.17066291,0.270776147,0.432695945
242,3.728787879,2.985185428,0.657967831,17.16375457,0.26165002,0.641990323
243,1.731060606,1.231631638,0.687736948,4.621444201,0.104573259,0.216461179
244,4.392424242,2.098989692,0.081358714,20.26215937,0.27921194,0.929779298
245,8.336931818,3.253773666,0.723352643,11.27513119,0.3682432,0.642457538
246,5.893939394,3.367195641,0.462585358,15.94858612,0.380813888,0.611319937
247,7.281439394,3.205612858,0.430697679,16.48025802,0.433342416,0.764831853
248,4.679356061,3.358418693,0.281924893,16.24155098,0.384893855,0.45529047
249,9.097348485,3.06968701,0.29813162,15.82878794,0.386014017,0.857151316
250,4.796401515,3.321000001,0.156425937,26.89516288,0.424565743,0.847718589
251,3.997537879,2.650670385,0.523539913,20.76278012,0.296062674,0.501108627
252,3.231060606,1.837467646,0.550588793,20.42672919,0.218427223,0.718517063
253,5.525189394,2.646735903,0.474896009,22.08069105,0.235685252,1.071123407
254,5.546022727,3.01261544,0.447996226,21.63712734,0.323415887,0.659188914
255,3.346212121,2.232443169,0.546079582,27.19492868,0.300590873,0.675011818
256,2.793181818,2.202360503,0.191934499,35.08543531,0.319984963,0.668384507
257,3.692613636,2.124129238,0.794936467,23.83135867,0.103757221,1.3
258,2.276704545,2.250207215,0.463487248,25.47541802,0.055791731,0.662029422
259,3.926515152,2.326710539,0.308444617,41.25795871,0.23019096,0.730725774
260,3.236174242,0.867454439,0.871691019,10.81523966,0.258670079,0.352809159
261,4.689962121,2.923729984,0.673181254,22.38824052,0.241511672,0.935191093
262,4.44280303,1.188835916,0.730572178,15.98090204,0.196715809,0.750197992
263,2.728219697,2.399602207,0.488627628,27.8569941,0.00084647,0.72750572
264,3.015530303,2.232238771,0.305328188,28.18741364,0.271750957,1.022031101
265,2.530492424,1.682382547,0.521287678,27.2674201,0.281680345,0.369773135
266,2.153409091,2.219877733,0.555534163,23.68337731,0.135609109,0.407209841
267,1.659659091,2.089324011,0.294501381,31.33173571,0.126858653,0.377607568
268,5.128977273,2.698551976,0.50759004,21.83671209,0.376631128,0.637350212
269,7.132386364,2.925063877,0.456851411,20.75041823,0.318204461,0.792451818
270,2.960416667,1.438398774,0.34713337,11.14707952,0.229634898,0.471318637
271,3.745833333,2.729099195,0.58668609,14.14905451,0.223671419,0.836489626
272,7.161742424,2.688874028,0.856663994,13.40455916,0.136314526,1.134514295
273,4.570833333,2.481584987,0.411859862,13.78304467,0.229634635,0.678462303
274,4.153787879,2.709230402,0.535465849,26.96334124,0.198390335,1.15723445
275,6.723674242,2.36540489,0.402920529,15.4677333,0.171965786,1.103788851
276,6.136174242,3.290118379,1.019125068,12.38556746,0.172007187,1.114233635
277,2.5375,1.029111978,0.644815903,6.699507389,0.133833482,0.301675043
278,4.536742424,2.569797248,0.389612578,22.70351507,0.198494678,0.798034438
279,7.036363636,3.097226499,1.161994293,10.09043928,0.153935189,1.009693552
280,4.945265152,2.337295022,0.105145796,16.17709012,0.215146821,0.904391544
281,2.581439394,2.069764163,0.075633449,38.35069699,0.261596382,0.866061678
282,2.471590909,1.745802652,0.098654272,41.67356322,0.233582024,0.667154937
283,5.577840909,2.580799565,0.909259472,11.65325456,0.16971976,0.878671077
284,3.953598485,2.28201204,0.589595103,15.1760479,0.186721028,0.947015291
285,4.379734848,1.848604369,0.448408666,21.91913514,0.018420476,0.837441849
286,2.917992424,2.631590491,0.996475393,13.02265204,0.183480152,0.369003582
287,9.852272727,2.926952792,0.206712694,15.52941176,0.261950168,1.3
288,4.977651515,3.630797124,0.47335135,18.68350963,0.3029748,0.836781393
289,5.670643939,3.541225913,0.708472788,15.69486657,0.267499305,0.674390938
290,6.882954545,2.914368118,0.471213446,16.27208189,0.29305894,0.966862976
291,4.856439394,3.422490665,0.620911501,15.64932533,0.000426596,0.76128177
292,3.631628788,2.592904457,0.833520138,20.1011734,0.355554748,0.376566775
293,5.369507576,2.557832986,1.049315908,15.08518218,0.213995678,0.844102119
294,7.345643939,3.258026812,1.080586759,11.84375403,0.127659471,1.3
295,5.884280303,2.720364274,0.07982114,18.18404197,0.193191246,1.087438764
296,5.310227273,2.518677372,0.431510706,15.63021614,0.010368699,0.908313193
297,5.077651515,2.391131935,0.633510882,10.83177919,0.148007961,0.977476646
298,4.051893939,2.650263681,0.105484819,24.18622044,0.171148142,1.044658011
299,5.071780303,2.913565315,0.241318515,19.9141118,0.196864174,1.028647627
300,2.804545455,2.195101334,0.194275307,21.39384117,0.254626393,0.888172979
301,5.278598485,2.852592852,0.548206209,12.31387464,0.183168932,0.852182153
302,3.778977273,2.742351326,0.369228329,21.16974891,0.201176629,0.752467188
303,1.99469697,1.32302633,0.068172397,34.59172047,0.176111958,0.572983874
304,2.446590909,1.718588974,0.855455571,14.71435207,0.179441681,0.294589634
305,3.998484848,1.917430324,0.56781085,16.0060629,0.19426362,0.998794945
306,7.275189394,3.228634135,0.527399979,14.84497436,0.123103204,1.296619107
307,1.594886364,2.459558981,0.120116584,31.35019594,0.284373931,0.524310348
308,8.296212121,3.236354976,1.455579442,10.3661766,0.147245707,1.200910047
309,5.528219697,2.503538326,0.457173221,14.10942478,0.197990278,1.151607805
310,5.426136364,2.598638288,0.684015845,17.87643979,0.271620705,0.856927794
311,6.655681818,2.535206946,0.033878046,24.94109612,0.286018893,0.832569092
312,7.047537879,3.084878053,0.287834478,13.0542044,0.192836991,1.147416503
313,4.607954545,2.830697399,0.434097133,16.27620222,0.181827041,0.956925637
314,5.729924242,2.919808144,0.538761446,15.18344682,0.196406296,1.3
315,5.526704545,3.46398202,0.24010967,20.26524108,0.212904766,1.188906237
316,3.895833333,2.617423763,0.827567716,31.05882353,0,0.74410841
317,6.255871212,2.620606182,0.542679178,17.74333202,0.21197469,1.010573849
318,6.246969697,2.753031436,1.302874803,10.56512248,0.165739499,0.882016795
319,10.03958333,2.718972928,0.76649502,16.43494501,0.232918174,1.3
320,11.21458333,2.881849524,0.469701374,13.64295003,0.330335077,1.089537024
321,9.904924242,3.377559434,0.604351572,15.64878198,0.342211434,1.192220423
322,10.34981061,3.203190801,0.677560078,13.43019745,0.339037156,0.943258347
323,13.64526515,2.853870287,0.556613643,15.02352631,0.412974188,0.880300947
324,10.47026515,3.151809048,0.409761707,15.75891323,0.369701813,0.787274946
325,10.21704545,3.284781701,0.950335374,14.97497497,0.387122278,1.00553728
326,4.7125,3.147952643,0.792066085,17.6127321,0.360314905,0.490351003
327,9.176325758,2.834095528,1.075186644,13.51303379,0.33378104,1.043694217
328,6.358712121,2.631487297,0.670408567,12.10937035,0.380935007,0.842135587
329,8.995833333,3.045606215,1.058606742,13.22834646,0.357612105,1.008912794
330,6.270454545,3.036035003,0.909790332,13.5556361,0.380156572,0.914429227
331,8.853977273,3.149021211,1.340449643,11.74613361,0.353947086,0.963621929
332,10.55984848,3.24289404,0.729272727,17.89798407,0.376417278,1.08427791
333,4.653787879,2.759586341,0.326346852,13.75223832,0.396482807,0.660016191
334,3.573295455,0.856097615,1.186729013,7.276196534,0,0.696406488
335,7.47594697,2.85155251,0.847376299,16.18524054,0.255918711,1.139096044
336,4.334469697,1.602376655,1.040335415,7.151970637,0.078237571,1.3
337,6.621590909,1.946820174,0.428257468,18.27355414,0.238040786,0.868404402
338,9.072727273,3.150449429,1.003301437,11.90380762,0.212929631,1.084307495
339,4.965719697,2.237384291,0.340861986,21.34635188,0.340863422,0.96650932
340,5.054166667,0.979379929,1.189281053,8.507831822,0.226593986,0.77409262
341,8.203598485,2.996331961,1.008977114,11.82407942,0.171872073,1.196039362
342,6.473674242,3.356945546,0.821334912,17.60978321,0.002274611,0.797165024
343,5.533143939,1.266136001,1.386954771,12.8317645,0.176558774,0.68492883
344,4.701136364,2.929038673,0.709762751,22.97316896,0.329018081,0.764498626
345,8.151704545,3.355397504,1.481509978,9.568550917,0.177161735,0.925230536
346,4.483712121,1.811556395,0.556962193,17.61932922,0.321914872,0.996219894
347,2.937689394,1.031746954,0.364433036,13.61614338,0.260693017,0.632423064
348,3.509280303,0.839942376,1.177710848,2.56462842,0.454225798,0.273045767
349,6.867992424,2.505765562,0.026720924,15.43391336,0.338134546,0.758886473
350,4.662878788,0.784372127,1.185541007,6.862713241,0.217204374,0.802381001
351,5.517992424,2.787581903,0.90401528,19.02865969,0.009945096,0.95516588
352,6.667424242,2.932334861,0.294249967,17.69798886,0.318031585,0.820308896
353,6.857386364,2.958518277,0.236149885,17.35355042,0.344763825,0.948145483
354,6.427272727,2.927559433,0.363874262,14.93635078,0.338488211,0.867656418
355,6.759090909,2.745025233,0.977746504,15.53463349,0.348881906,0.948532084
356,5.951136364,2.865242683,0.173199267,17.13958373,0.405395589,0.771622977
357,6.989962121,3.383321593,0.72702815,14.30622917,0.3175066,0.941610934
358,8.513068182,3.058181008,1.088565298,13.97850898,0.318177851,1.07781505
359,6.156818182,2.021888888,0.155874076,15.91731266,0.342823806,0.878305991
360,5.989962121,1.788867184,0.34516831,18.19711006,0.386547797,0.757835951
361,2.182386364,2.505220562,0.540347631,28.40926842,0.13139409,0.477809312
362,1.377083333,0.613441376,0.121080149,15.97579425,0.081165649,0.771864943
363,0.654166667,0.777120665,0.070273932,39.74522293,0.135845834,0.731023002
364,1.120075758,0.608612664,0.093724633,13.3919513,0.130882188,0.520769052
365,1.767234848,0.646468596,0.180213,18.10738399,0.111195747,0.451092475
366,0.576893939,0.535001737,0.126555994,57.20288903,0.055008337,0.851869128
367,2.141477273,1.480362115,0.073338271,24.282303,0.079509081,0.437677089
368,0.864015152,0.657616353,0.058950594,25.46251644,0.101609435,0.422762819
369,0.795643939,0.59068227,0.187280176,40.21899548,0.288372898,0.465236398
370,2.445833333,1.422439919,0.482501996,23.71379898,0.322400157,0.478474035
371,0.946022727,0.804828436,0.082703059,25.36936937,0.150115681,0.493544826
372,1.276325758,1.382207904,0.215946017,29.77296335,0.403801229,0.397466669
373,2.33844697,2.367941228,0.276087016,37.6318134,0.075271277,1.255876374
374,1.813068182,2.080705319,0.1013723,31.43842056,0.071551101,0.942779281
375,2.260227273,2.580621368,0.324304689,36.72197084,0.200953331,0.588010367
376,2.796590909,2.128215922,0.564757426,20.02438033,0.390042375,0.629684933
377,2.469318182,2.743567494,0.14101227,27.53796595,0.18645429,0.813891819
378,4.579166667,3.023266682,0.84153586,16.59690628,0.161882502,0.980117976
379,3.154166667,1.623460163,0.644594041,21.87582563,0.225221343,0.778284442
380,2.693939394,2.021286718,0.664012422,29.69628796,0.22205986,0.394150756
381,4.446022727,3.22525818,0.127360918,18.66837061,0.173733406,0.987038515
382,4.054356061,2.55448716,0.289059608,25.89807072,0.210527932,0.872363978
383,3.955113636,1.677180049,0.346397068,18.20428099,0.24268963,0.955903085
384,4.153977273,2.780358617,0.882418324,18.77718506,0.226929873,0.522192243
385,3.641856061,2.1607085,0.489031837,28.83145249,0.224061536,0.992620285
386,3.115909091,2.687278778,0.2407244,34.98176513,0.24015126,0.80949626
387,3.529545455,1.891703406,0.634183664,21.24919511,0.23610688,0.59472992
388,2.879356061,1.942870508,0.222788428,22.92179175,0.197857607,0.79248911
389,3.815719697,3.263327245,0.529991416,21.22797439,0.185863387,0.954900628
390,3.435037879,3.305648416,0.447789556,29.11176049,0.192732112,1.009378454
391,4.732954545,3.463165791,0.274800979,20.70588235,0.172393267,1.031518381
392,5.106060606,2.4076783,0.743086488,18.60534125,0.180740112,1.122923271
393,4.605492424,2.300343074,0.044730056,24.75305342,0.274557743,0.98644069
394,2.7125,0.714484623,0.361237191,14.74654378,0.22566844,0.701658493
395,2.65719697,1.266899586,0.503488046,19.56949394,0.286981367,0.839210691
396,3.218939394,2.464033749,0.203738824,27.64885855,0.261285083,1.169275514
397,6.392045455,3.406915799,0.591647641,20.02488889,0.248614373,1.3
398,3.676136364,2.443351086,0.222185133,20.94590417,0.324774169,0.828306523
399,1.540909091,0.786757486,0.149703482,22.71386431,0.286434706,0.717273591
400,2.898484848,1.921736078,0.280397887,20.01045478,0.338729325,0.84761194
401,6.848674242,3.317417327,0.762915009,16.35353005,0.33143843,0.930734026
402,6.142992424,2.543705077,0.365274783,19.04609218,0.376415914,0.554572665
403,2.823674242,1.434290097,0.779486923,21.95720706,0.159003418,0.538158318
404,2.458333333,1.036804986,0.874884872,19.11864407,0.098082375,0.409362947
405,3.506439394,1.745711631,0.960972272,15.68542724,0.200943939,0.531031275
406,7.029166667,2.449806839,1.566155766,15.50681683,0.219351333,1.123178814
407,2.61155303,1.466743317,0.763268983,19.14569584,0.138199478,0.376355825
408,6.03219697,2.857346828,0.172209695,17.07503925,0.346834423,0.691971672
409,3.319507576,2.796786586,0.451911913,25.00370856,0.256196293,0.255507564
410,6.615340909,2.618937034,0.126002585,17.38383578,0.35006688,0.77309473
411,8.119507576,2.145270874,1.320851121,16.87294441,0.386951076,0.791543426
412,3.360416667,2.019489081,0.844341039,12.79603224,0.285355649,0.296682284
413,6.767234848,3.452459913,0.497161502,16.10702191,0.341603149,1.141745351
414,5.476515152,3.777935273,1.111436357,12.59925301,0.342633938,0.682881969
415,8.023106061,3.155783965,0.232958268,15.82928096,0.36170912,0.845561878
416,5.676704545,3.392999237,0.334329602,17.43969573,0.404884329,0.90538902
417,5.599621212,2.782251915,0.648625349,15.5367652,0.410868596,0.71639145
418,4.294318182,3.564429302,0.885983591,10.01323101,0.357327577,0.04419275
419,10.52386364,2.920786075,0.705615249,16.53385164,0.041542727,0.109444751
420,4.25625,3.448632705,0.609219705,12.21732746,0.36804638,0.044365633
421,7.658333333,2.966385787,0.669629934,18.67247008,0.40017097,0.095388667
422,9.159659091,2.873353206,0.231890343,15.72110911,0.361115931,0.117890069
423,9.397916667,3.053039946,0.498385599,13.93925959,0.377268968,0.07818962
424,9.073484848,3.192896619,1.07451303,12.1232362,0.391633564,0.106806281
425,6.38125,3.420244419,0.787895929,13.32027424,0.317391867,0.096606158
426,1.005871212,0.757856082,0.090165897,23.85991339,0.612338849,0.123896279
427,0.950378788,0.560053235,0.222743092,15.78318055,0.320480694,0.439154011
428,0.194128788,0.521506484,0.035470949,30.90731707,0.183011487,0.238473146
429,0.426136364,0.472342945,0.097646292,7.04,0.761186839,0.247178333
430,0.540340909,0.501000685,0.152974017,18.50683491,0.195766127,0.253900835
431,0.641666667,0.63933719,0.229770679,4.675324675,0,0.01458941
432,0.904545455,0.631686738,0.128507485,23.2160804,0.231316415,0.023738143
433,0.280681818,0.513878471,0.033149938,24.93927126,0.624696869,0.067571234
434,0.523674242,0.525112266,0.169060063,5.72875226,0.522397932,0.224531217
435,0.786931818,0.473329611,0.181473504,21.60288809,0.194491354,0.225051949
436,0.545643939,0.600141173,0.029128877,12.82887886,0.499509463,0.07583533
437,0.569128788,0.474258363,0.01928761,8.785357737,0.0988615,0.321957986
438,0.477651515,0.607947515,0.058824288,25.12291832,0.315127116,0.128787366
439,0.695454545,0.512310877,0.091439249,37.38562092,0.494386778,0.509168794
440,0.973863636,0.483090414,0.14845847,14.37572929,0.23623283,0.5841362
441,0.641287879,0.739388343,0.074578512,18.71234495,0.168617878,0.247200269
442,0.666856061,0.796436115,0.20328956,11.99659188,0.364509109,0.197517515
443,5.516098485,2.932856548,0.669621543,14.8655794,0.200150539,1.153889091
444,2.949621212,0.983621063,0.289754235,9.153717735,0.173590083,0.650244503
445,3.46875,2.323053438,0.453763143,24.21621622,0.27088733,1.091692884
446,8.278787879,3.308130831,0.790533996,14.13250366,0.211012921,1.3
447,3.485795455,2.560239562,0.771957426,28.400978,0.246010945,0.975588155
448,2.183901515,2.815197814,0.114164663,19.68953256,0.285552041,0.662084168
449,3.321401515,2.605231123,0.392637104,15.65604151,0.288986082,0.581611346
450,3.773674242,2.222749102,0.305915217,22.78946048,0.220105113,0.809530945
451,4.820454545,2.83724149,0.416198445,19.70768505,0.282105436,0.861002657
452,3.949621212,3.098610428,0.600311719,24.55931716,0.278148867,0.90538412
453,3.260606061,1.867651497,0.204344822,11.34758364,0.345408521,0.432838962
454,3.510227273,2.743780225,0.244095175,13.67432826,0.247815528,1.09279665
455,1.789015152,2.23078374,0.195553944,18.44590303,0.290108198,0.597938169
456,3.641856061,0.85332128,0.146402721,10.43423995,0.250089753,1.24935658
457,0.877083333,0.808188968,0.111197606,17.10213777,0.355529248,0.438017796
458,3.752462121,2.4616126,0.244939762,25.31671125,0.236476474,0.729639331
459,2.869128788,0.845578753,0.117608994,10.10759786,0.189211528,0.775052442
460,9.998863636,1.527223995,0.582888693,12.10137516,0.23039857,1.220703308
461,2.784280303,2.530642086,0.328338439,22.62703217,0.207467089,0.7849566
462,2.005681818,2.583785968,0.014291492,16.45325779,0.366516534,0.560612652
463,4.964772727,0.856691159,0.128027946,11.48088808,0.282383718,1.044622562
464,4.91969697,2.284968095,0.593643885,20.73298429,0.204934435,1.250737811
465,2.531060606,0.750185449,0.536981908,18.56929063,0.356624814,0.708860295
466,6.494886364,1.076255719,0.466174845,13.39515353,0.324956691,1.3
467,1.234280303,1.360468255,0.158763159,33.21773822,0.333610959,0.503435502
468,7.049810606,1.097876506,0.74989637,5.815759074,0.216097547,0.683623882
469,2.03030303,1.182818564,0.737399534,12.80597015,0.301222456,0.476751462
470,2.341856061,0.989742124,0.688798854,16.65345734,0.276027134,0.726144927
471,3.463257576,3.038951411,0.67137646,19.05720223,0.261144977,0.411051303
472,2.179166667,2.749401882,0.37824973,19.73231358,0.221945892,0.43927021
473,3.166098485,1.875869605,0.508867955,24.63599928,0.135588329,0.489084129
474,3.449621212,1.556536426,0.53170218,24.64038652,0.14336124,0.55282432
475,1.757575758,2.529047547,0.29125549,34.70689655,0.116246979,0.575432034
476,5.955113636,2.953349566,0.661786902,26.53181948,0.005912427,0.659139553
477,3.225378788,3.005241812,0.928682606,25.11332942,0.187857737,0.531471248
478,3.439772727,2.180719538,0.395885803,15.40799471,0,0.205210306
479,1.924242424,2.450051655,0.264693526,45.21259843,0.255348855,0.597538085
480,2.804734848,2.686261161,0.485568457,23.88817611,0.111704299,0.690205193
481,3.969128788,1.722232985,0.839274509,26.45416806,0.229054958,0.487681725
482,3.268181818,1.594904193,0.365382903,26.00834492,0.290780953,0.647236243
483,1.986742424,2.7347239,0.426352157,32.2135367,0.210842852,0.429101359
484,7.438825758,3.193924489,1.034331706,19.35789393,0.254374551,0.893570742
485,3.028787879,1.879916371,0.49938616,29.71485743,0.28179804,0.735689688
486,3.582386364,2.353165707,0.633412062,22.33148295,0.152616249,0.914504815
487,3.353977273,2.214641321,0.462823853,31.00796205,0.275236842,0.675288158
488,5.302651515,2.217258104,0.763109043,12.63518823,0.337826424,0.945384475
489,2.763257576,2.245209092,0.14994673,36.18917066,0.276510107,0.552011505
490,2.207954545,2.115949268,0.30011513,22.64539372,0.209776587,0.529683011
491,8.74280303,1.662665789,0.287485115,13.15367618,0.188281064,1.3
492,4.996969697,1.630071328,0.156095966,14.60885385,0.266623972,0.736179545
493,1.526325758,0.862911346,0.069755877,24.89638913,0.38970064,0.795398125
494,4.881818182,2.836281777,0.170816614,16.79702048,0.187403742,0.772360293
495,0.83844697,0.892773427,0.16105623,26.23898803,0.270718114,0.273980267
496,5.599810606,1.510993335,0.461956063,13.75046505,0.010682673,0.89428391
497,8.242045455,2.580060609,0.490589209,12.25423962,0.176488022,1.233246987
498,1.222727273,0.742057014,0.141791099,17.99256506,0,0.218310403
499,2.97405303,1.797861344,0.382378112,21.85569636,0.001935771,0.72699281
500,2.676893939,2.266216799,0.265205018,21.6669025,0.324339965,0.748549592
501,2.079166667,1.758011349,0.028613641,24.52905812,0.344306939,0.540427784
502,3.652462121,2.432619401,0.255451886,20.80788177,0.233630006,0.782993214
503,4.369128788,2.20014945,0.407254172,15.33486497,0.232675353,0.908400642
504,2.425378788,0.814017346,0.286005156,14.01842886,0.318064807,0.905997443
505,7.97594697,2.66762651,0.719746056,11.40930354,0.216616172,1.032691892
506,3.706818182,0.839847199,0.296492528,10.52115267,0.32836589,1.121590802
507,0.914015152,0.705561144,0.100291265,15.31703274,0,0.230752001
508,4.021022727,1.872976804,0.080792671,18.90066412,0.324677676,0.693816642
509,3.027651515,2.171224845,0.174575325,15.85387214,0.264573526,0.943324842
510,5.454734848,3.192739682,0.565773321,20.34929343,0.295219872,1.162005233
511,3.835416667,2.336341082,0.30937197,20.59750136,0.289287587,0.899430109
512,1.882575758,0.90063965,0.187916101,20.71629779,0.415833616,0.409688128
513,3.602083333,1.631834494,0.435548407,12.49277039,0.207060363,0.70037721
514,3.71875,2.663974225,0.046553133,22.31932773,0.014413704,0.959833463
515,5.421780303,2.183922371,0.434791363,13.09532958,0.19276067,1.294737047
516,1.74375,0.864384512,0.101606736,29.82078853,0.283992865,0.762460693
517,5.500189394,2.874246987,0.254433999,17.09032058,0.191527266,1.121243875
518,5.667234848,2.850291419,0.478881182,11.29298533,0.02333721,1.3
519,5.703409091,3.275222804,0.221219976,17.53337318,0.171328005,1.273113737
520,2.803977273,2.152573593,0.427281856,22.11144883,0,0.831216913
521,6.466287879,2.453893178,0.386424535,17.16595396,0.285336486,1.082479486
522,3.470075758,1.023712249,0.155219327,18.15522323,0.282345529,0.941390162
523,3.487121212,0.975779023,0.255580928,19.21355638,0,0.759682057
524,2.859280303,0.483177179,0.652556588,11.89110419,0.367090052,0.525357741
525,2.703030303,1.614185113,0.177963098,18.12780269,0.287321892,0.550805961
526,6.185795455,3.340641695,0.346603306,18.42931937,0.164896969,1.198814158
527,3.418560606,2.049891614,0.279967118,20.47645429,0.18367996,0.968817957
528,2.897916667,1.168754075,0.495334694,17.59884975,0.271992744,1.067526929
529,4.699621212,2.865561799,0.706247115,18.93769646,0.212936739,0.897535811
530,5.265340909,2.697436641,0.756576163,15.95338297,0.163408875,1.058547857
531,1.391287879,0.703170379,0.281590303,8.625102096,0.12054124,0.685466524
532,5.445643939,2.516367027,0.540976328,9.916182659,0.141214028,0.909765104
533,5.332007576,2.598200662,0.066229508,11.06525059,0.149469841,1.064083422
534,3.63844697,2.691640179,0.181280765,21.16287544,0.103832752,0.951868072
535,4.340909091,2.839868608,0.492690578,19.58115183,0.152244495,1.02591383
536,4.246212121,2.639715796,0.68826281,16.72078501,0.155165612,0.882977717
537,3.747727273,2.591507296,0.688453943,16.00970285,0.164193419,0.761084667
538,4.499431818,2.708671525,0.16756879,23.7807804,0.175263571,1.142459765
539,3.046780303,3.427424044,0.367500683,19.69291975,0.165957954,0.815311093
540,4.415151515,2.888812282,0.409845008,20.38435141,0.160348549,1.006918527
541,6.390151515,3.065211413,0.706485309,17.68346177,0.42274935,0.47069468
542,11.65511364,3.375394468,0.083384543,14.32847463,0.32718148,0.950304109
543,3.159848485,2.365616262,0.361705934,20.88707744,0.37229376,0.365555265
544,3.922916667,2.194568758,0.295478591,14.27509294,0.452588198,0.575381786
545,4.96344697,2.850838687,0.286492221,17.12519556,0.016658744,0.69206676
546,7.768181818,3.443149308,0.777742954,10.81334114,0.286708219,0.851429342
547,5.974621212,3.297100081,0.116888189,13.05522095,0.36028202,0.523761924
548,6.049810606,3.277310704,1.030238043,11.90119901,0.316259558,0.884107025
549,5.914015152,2.728304202,0.314183256,16.40171652,0.310867705,0.689550467
550,4.837121212,1.251421388,0.587843791,15.71182459,0.331725742,0.645807959
551,8.805113636,3.307977415,0.486150102,12.37917016,0.315218531,0.923198235
552,2.640151515,3.245261412,0.362614994,16.66571019,0.258581664,0.468896625
553,2.029924242,0.918829017,0.121693331,28.57249487,0.371545638,0.839601539
554,0.89469697,0.9510222,0.106783313,25.70702794,0.266667808,0.321398332
555,4.560606061,2.965049387,0.514713888,18.85714286,0.009193729,0.841889289
556,1.527083333,2.38192006,0.149827565,34.05184175,0.27489473,0.320516057
557,2.683712121,2.874311534,0.116379888,31.67254764,0.226245195,0.831260161
558,3.943371212,2.607927163,0.207972758,25.35901254,0.274903506,0.990942937
559,2.524431818,2.269334748,0.136000054,24.55998199,0.321433204,0.658799424
560,3.811174242,2.188734212,0.135541882,20.46613328,0.151383356,1.250468557
561,2.103977273,2.072498456,0.361786722,22.81393465,0.298181432,0.323814618
562,4.333712121,1.000320366,0.196588165,15.69093611,0.293917937,0.900461608
563,3.358143939,1.485370084,0.388694705,12.80469235,0.318079634,0.630138727
564,1.598484848,0.927306061,0.284523048,17.51658768,0.324302838,0.428844621
565,3.385795455,0.82728173,0.818693592,11.81406276,0.289181805,0.592506716
566,1.701136364,0.731936247,0.159787136,13.52037408,0.430247412,0.430732332
567,6.215909091,2.663576841,0.878598061,16.89213894,0.19644474,0.943562685
568,3.089772727,2.815718282,0.317959092,20.06620081,0.154497039,1.047871186
569,4.244318182,2.500267194,0.338407695,19.08433735,0.17118988,0.637532469
570,4.816098485,2.323033984,0.656843708,16.1956821,0.192977566,1.044483968
571,3.531439394,2.226267122,0.420547508,24.91901748,0.177647314,1.032084461
572,5.752840909,2.645520742,0.13536974,15.8182716,0.013492727,1.030965288
573,3.854924242,2.32781357,0.162146884,30.09138253,0.205949194,0.993258104
574,4.830113636,3.1326132,0.680691496,13.45724032,0.205191289,0.987630148
575,4.270265152,1.3603802,1.052229903,26.46205704,0,0.569376086
576,2.992613636,2.61554508,0.307342336,29.07157775,0.172847789,0.872287382
577,4.683522727,1.993756191,0.618277166,12.38384083,0.204619493,0.50734971
578,1.466856061,1.420203373,0.363248268,25.90574564,0.18108755,0.398209121
579,3.975,3.181493019,0.629677156,19.62264151,0.18662141,0.806604165
580,5.058712121,2.493315902,1.154939493,17.00037439,0.203676754,1.064098712
581,4.677840909,2.940337589,0.824147207,16.24681161,0.194604918,0.820259804
582,5.209848485,2.840628233,1.100202928,22.0735786,0.191233267,0.868593949
583,7.169886364,2.982766576,0.657153013,14.92352801,0.101179448,1.3
584,1.385416667,1.390074026,0.355381791,41.86466165,0.063132959,0.717437778
585,3.090909091,2.830818205,0.409996275,14.23529412,0.143808345,0.690122033
586,6.048674242,2.673736036,0.565591323,13.72201522,0.011689397,1.058046454
587,4.417992424,3.373291577,0.129276276,22.63471514,0.150519999,1.026518321
588,4.010227273,2.999898028,0.465471535,19.94899405,0.160845663,0.842985787
589,3.217234848,2.821183001,0.25881726,34.19085183,0.187274492,0.705178336
590,5.944128788,3.024846812,1.033419223,14.13159152,0.155613161,1.096754927
591,4.126704545,3.002755804,0.39445341,16.23571527,0.14905492,0.815753526
592,2.103030303,1.704453317,0.281049096,18.54466859,0.15037089,0.317425366
593,2.411174242,1.965225498,0.118476869,55.98931741,0.188460025,0.62167393
594,5.093181818,2.87731511,0.342696609,22.38286479,0.162447215,0.933904687
595,7.125378788,2.791401452,0.839806486,11.64850354,0.158914017,0.907355527
596,3.054166667,2.739022984,0.232024332,27.50341064,0.160523123,0.758125471
597,7.148863636,3.036754325,0.521756293,15.38706088,0.126761936,1.201064338
598,5.699431818,2.978234068,0.81532428,15.26467949,0.155087525,1.070319594
599,3.166666667,2.023753788,0.22331691,35.05263158,0.184823741,0.845109905
600,7.495454545,2.967734245,0.513519692,17.34384475,0.011474611,1.3
601,2.995265152,2.649766211,0.591421022,20.03161555,0.222031417,0.787861599
602,6.280492424,2.937854069,0.705249852,14.64853292,0.198203749,0.989242332
603,2.541477273,1.046726322,0.616724509,15.34540577,0.227158028,0.920811924
604,5.720833333,2.882424295,0.901481355,14.1587764,0.176391749,0.891406384
605,3.586931818,1.590622211,0.478681107,23.9759227,0.189758384,0.551042497
606,4.486742424,2.456636513,0.239388452,17.6074293,0.16397431,0.692092636
607,5.282954545,2.680457242,0.683730279,12.87158529,0.180283752,0.891078358
608,4.200757576,2.77293242,0.402826427,14.28313796,0.183771291,0.627886337
609,5.939204545,2.860084556,0.694549224,10.94422654,0.161338123,0.900243965
610,1.621969697,0.951008693,0.484684429,14.18028958,0.194925868,0.34510463
611,4.952462121,2.964334768,0.227703903,26.24956977,0.19353735,0.902095629
612,7.166666667,2.761519418,0.684917315,12.97674419,0.148140074,0.772461905
613,5.21344697,2.730282107,0.440535041,35.86878338,0.217054442,0.980683647
614,5.959090909,2.519478424,0.463408173,14.4317315,0.194711879,0.758486354
615,6.104166667,2.136059895,0.9345872,11.79522184,0.165685586,1.077217787
616,3.061363636,1.53920381,0.389348467,13.39272457,0.207569675,0.652229141
617,3.907954545,2.216478013,0.376580358,14.07385868,0.207110783,1.060594271
618,5.608901515,2.691926208,0.555082015,16.04592267,0.187007645,0.747356897
619,5.137121212,2.643667333,0.277658838,17.32487834,0.167143465,0.925486981
620,2.770833333,2.518804067,0.355371082,22.37593985,0.100955403,1.083723826
621,4.832765152,3.271074671,0.327182413,18.20903711,0.129606397,1.073434207
622,1.959280303,1.193133994,0.434632935,20.41565974,0.224146725,0.553868919
623,1.681439394,1.211708584,0.119312023,19.6260419,0.191216734,0.682957033
624,2.475378788,2.166424798,0.223991483,23.83473604,0.238525215,0.875294615
625,5.209469697,2.50210016,0.250737046,18.81189559,0.171571373,1.216950277
626,1.261174242,0.764001492,0.030681888,28.54482655,0.309420276,0.622846172
627,4.885416667,2.364822442,0.079331943,15.96588486,0.142321554,0.876162564
628,2.102272727,1.904649524,0.117642632,29.49189189,0.236408281,0.817664035
629,5.595833333,2.381540098,0.407138312,12.86671631,0.136641142,1.04555864
630,3.021212121,2.220012798,0.956270402,4.302908726,0.083870046,0.572790248
631,4.119128788,2.262535721,0.702715746,9.468021518,0.143547728,0.588877153
632,5.271401515,3.074641081,0.152609509,18.02177272,0.183762298,0.978451402
633,4.375189394,3.038317668,0.728625636,13.25656898,0.167018394,0.650493405
634,2.933522727,2.175640996,0.110929197,22.49854736,0.196105214,0.884153073
635,5.689015152,2.322557396,0.866506107,11.95285971,0.164212253,0.924816133
636,4.987310606,2.333905894,0.370447405,14.23612957,0.154905747,0.523469732
637,4.940719697,3.053870443,0.457562112,14.37037605,0.142432589,0.928433254
638,4.200189394,2.633402575,0.658016356,13.33273211,0.157495758,0.830395611
639,4.008901515,2.691677003,0.026966684,20.45448103,0.194827256,0.738610614
640,1.346969697,0.849280177,0.22356788,20.78740157,0.187717286,0.45920224
641,6.386174242,3.499631444,0.654468232,13.62317981,0.126228786,0.985878271
642,2.730681818,1.263689904,0.465579366,11.71868498,0.227085052,0.526328136
643,2.995265152,2.16406828,0.167584753,20.69933607,0.198438099,0.646868977
644,3.04469697,2.212974363,0.720138336,19.37795472,0.209884875,0.614952313
645,3.243939394,0.927860041,0.820605982,11.4058851,0.170765376,0.918811862
646,7.030492424,3.143066376,0.729866728,10.66781606,0.107880693,1.010226897
647,6.826515152,2.56516607,0.788607366,18.75041616,0.193881054,1.026785029
648,4.766477273,2.070690268,0.78454032,22.65824294,0.155484248,0.931354358
649,3.935227273,1.749004083,0.641970157,17.02570026,0.142649981,0.946593164
650,8.842045455,3.266463432,0.58019949,12.66675235,0.011070807,1.3
651,6.697727273,2.466163067,0.556139309,14.93043773,0.130854645,1.143086772
652,7.917234848,2.884261467,0.925011063,15.91464727,0.187422714,1.226294968
653,5.095265152,1.484897083,0.778821837,11.18685648,0.104108688,0.983231774
654,3.921969697,2.458958717,0.081811209,46.40525401,0.180906658,0.990568277
655,4.199810606,2.325895887,0.379138735,39.52559188,0.002462927,0.694458421
656,4.125378788,2.336082682,0.48598121,35.87549353,0.214356873,0.666742567
657,3.993939394,2.373453194,0.287228359,10.01517451,0.189126835,0.601850788
658,4.712878788,2.079288639,0.262513695,23.55248352,0.025670947,0.605132745
659,7.730492424,2.864045234,1.094027475,10.99541858,0.134575687,1.084202931
660,7.626893939,2.928145502,0.736854962,13.50484231,0.164676537,1.046072264
661,5.486742424,1.409803574,1.148571698,17.13220573,0.130287287,1.056842266
662,7.256628788,2.225691273,0.993261351,14.60733394,0.172257131,1.3
663,4.783333333,2.717241297,0.705904076,21.74216028,0.134826064,1.184494107
664,7.060795455,3.051363046,0.257573296,17.13687938,0.175033432,1.3
665,5.772727273,2.832919047,0.571623547,16.45669291,0.105241628,1.013388148
666,7.296022727,2.889757356,1.012790499,15.35082937,0.186273966,0.846238787
667,8.915719697,2.921063091,0.322691501,15.25395645,0.183622707,1.115657057
668,6.234848485,2.812412656,0.992336653,14.75577157,0.003766645,1.205981347
669,7.252840909,3.356075325,0.389805793,15.30434783,0.163483786,1.251799111
670,5.758333333,2.297164432,0.816286422,20.49204052,0.27334933,0.594040581
671,5.127840909,2.37517237,0.035133382,24.18171745,0.226901775,1.043214101
672,5.876515152,2.648230681,1.129108062,11.40131494,0.22223774,0.787574177
673,2.382954545,0.765029247,0.300354999,10.49117787,0.436923523,0.267042392
674,4.847348485,3.010382122,0.901757914,22.07392358,0.234026963,1.14183829
675,4.887121212,2.652142044,0.516468402,16.98341342,0.205390299,1.106183904
676,3.930871212,2.11524716,0.53416612,12.97422308,0.309784048,0.60441524
677,2.778598485,2.696840976,0.646820026,19.07436439,0.243693431,0.45111576
678,6.711742424,2.611877321,0.420518449,17.87911282,0.255853117,0.75356327
679,4.850568182,2.413374276,0.443539232,19.99765726,0.228025975,0.966017659
680,3.797348485,2.684202284,0.310976923,19.22394015,0.180909149,1.174227641
681,4.509848485,2.767860617,0.371748918,20.8432723,0.225265535,0.755506255
682,6.902840909,3.359282229,0.677317099,12.0240349,0.187387221,1.220422181
683,4.972159091,3.100523433,0.937520107,14.07839104,0.225999071,0.749197022
684,4.265909091,1.115999373,0.146572857,11.95524774,0.234555745,0.825303987
685,5.978030303,2.343147507,0.103519536,19.40438474,0.235226636,0.965596281
686,6.067424242,2.971758448,0.240198531,14.00923961,0.161853727,0.930143814
687,4.715151515,0.787040822,0.644088072,5.72622108,0.024997021,0.668001701
688,6.733333333,2.440080921,0.078424294,16.03960396,0.140999626,1.033391103
689,5.941098485,0.929818214,0.45868302,8.752590137,0.13758454,1.069343599
690,6.257765152,0.747669517,0.700591749,6.392058352,0.033320547,0.846817606
691,5.07594697,2.514222519,0.595005203,10.24439387,0.127596014,0.666903951
692,4.707954545,2.468942531,0.944526832,9.345884625,0.112693472,0.759959742
693,3.410037879,3.142319712,0.140748056,14.07608998,0.140519279,0.673054502
694,5.80094697,0.877196835,0.910244087,7.067811551,0.132181783,0.210566793
695,4.244507576,0.864380301,0.71415241,6.125563339,0.142130036,0.743018162
696,8.312121212,2.64601103,1.112359578,9.383886256,0.160080704,0.995602522
697,7.128030303,0.732776605,0.641806447,6.733978106,0.166953162,0.999319559
698,8.431818182,2.501328534,1.065779689,9.725067385,0.064543558,0.826865106
699,5.33655303,2.553794657,0.258813791,14.05401569,0.140433516,0.844961718
700,6.648863636,2.350206779,0.674958719,12.63373782,0.122501082,1.124465894
701,7.324242424,3.152979204,0.793155623,8.465039305,0.14359948,1.059843429
702,5.385416667,1.995555734,0.442527552,11.69825919,0.085203641,0.997225935
703,5.742045455,3.094581159,0.64952441,12.88739363,0.13147157,0.968999374
704,6.313825758,3.048601997,0.290067475,10.29486756,0.142960509,1.048968271
705,5.625,2.05400481,0.704344813,10.31111111,0.129686248,0.852525421
706,1.986174242,1.315215864,0.278866309,23.66358348,0.192135587,0.592215301
707,3.968371212,2.29783539,0.356287214,13.60759796,0.220498736,0.870544565
708,2.206060606,1.646810086,0.253510718,18.13186813,0.188071115,0.716430313
709,5.719507576,2.776593459,0.379543611,15.73562038,0.161316432,0.870277483
710,1.756060606,1.30021042,0.108939146,22.77825712,0.201083763,0.609589101
711,4.579545455,0.979557115,0.894079253,5.895781638,0.132047509,0.673928762
712,2.015340909,1.317983811,0.313486747,14.38962504,0.275013893,0.432707488
713,3.665719697,2.6746441,0.033857224,21.00542495,0.187157545,0.80943096
714,3.777840909,2.251592033,0.115607959,20.11731087,0.189796912,0.837565599
715,2.773295455,0.933885625,0.555368218,10.81745544,0.148420654,0.731242707
716,3.470643939,1.839492017,0.669266325,15.84720327,0.248414708,0.652067619
717,4.116477273,2.137306995,0.547957538,10.68875086,0.177990609,0.481362379
718,6.176325758,2.817456139,0.469652084,14.08604459,0.136124519,0.921563927
719,2.240151515,1.479483518,0.150826277,16.07034156,0.201454951,0.630602746
720,5.598295455,2.001560783,0.420256548,11.78930275,0.112253957,1.048153119
721,5.127651515,2.712550207,0.834279028,14.82160006,0.138356188,0.886406615
722,3.570833333,1.846169716,0.282945613,16.80280047,0.177786742,0.778918517
723,8.526515152,3.090158555,0.587281219,14.89471346,0.129346768,1.3
724,1.033712121,0.81027159,0.097618928,29.98900696,0.233904571,0.734554525
725,4.506060606,2.81606142,0.281828034,14.86886348,0.137988885,1.035436411
726,5.399242424,2.356211984,0.711419723,11.66830363,0.070617871,0.899261685
727,7.584848485,3.051913662,1.012371595,12.92049541,0.148648408,1.044962047
728,6.872537879,2.68222453,0.428651867,18.91586519,0.113834447,1.189804049
729,5.628598485,1.44854946,0.601339523,8.527877789,0.150610915,0.814299449
730,2.627840909,1.162638296,0.200846498,14.08,0.146878392,1.3
731,6.990151515,2.935439636,0.449716964,14.44889997,0.119019073,0.84830209
732,6.492045455,3.083471943,0.57977305,18.63819359,0.014573217,1.075607377
733,5.999810606,3.047922343,0.766497219,13.33375422,0.155697561,0.826565602
734,2.500568182,0.545221793,0.472814791,6.398545785,0.172131482,0.441008021
735,5.944318182,1.949766982,0.556945007,12.78531829,0.153957901,1.061914482
736,2.624431818,1.424896623,0.487097369,8.001731977,0.186848465,0.453042136
737,1.111742424,0.902330852,0.170100247,8.095400341,0.190482568,0.313407827
738,2.236174242,1.069134147,0.633552793,8.049462183,0.219171525,0.245061604
739,3.66969697,1.880084074,0.210544296,12.80759703,0.196660484,0.649888419
740,6.206628788,1.796555143,0.991983532,9.667083702,0.143869622,0.915730069
741,5.515530303,2.977014082,0.916030473,14.32319209,0.149496277,0.827640695
742,4.638636364,1.795891863,0.196442556,12.28809407,0.165537825,0.760371614
743,4.815340909,2.910132246,0.11082342,19.31327434,0.005455344,0.900895421
744,3.714204545,1.84355739,0.034504597,14.2695426,0.095948628,0.812460079
745,4.292424242,2.331960046,0.474221458,16.77373809,0.145398726,0.906059784
746,4.742992424,1.958890015,0.718821018,12.01772951,0.219793676,0.760432334
747,4.508712121,2.867614371,1.043517822,11.97681257,0.113327366,0.794448428
748,5.76969697,3.231940715,0.645298224,15.42542017,0.265866361,1.113974625
749,5.561742424,3.297183065,0.138930347,12.76578356,0.022600062,0.923262934
750,2.792424242,0.859114982,0.615361462,7.878459034,0.289854709,0.45473584
751,2.503219697,2.831065183,0.33939684,15.57993493,0.182226938,0.439069311
752,5.870454545,3.00929134,0.437005964,18.05652342,0.273590224,1.245997401
753,5.527083333,2.651961198,0.265780905,16.2834527,0.263609634,1.229109906
754,5.263636364,2.42823748,0.102994464,22.79792746,0.421061011,0.646031229
755,2.01155303,0.849573994,0.726344016,10.43969494,0.353316081,0.991465557
756,8.203030303,2.632307161,0.81490232,11.94680458,0.014869209,0.87379023
757,3.914583333,3.26996131,0.554548393,25.80095796,0.005068428,0.989602863
758,8.920833333,2.768676572,0.504193252,13.2274638,0.328053242,0.938831344
759,6.262689394,2.410514571,0.327675669,12.77406478,0.276099605,0.895450054
760,6.678409091,3.007562449,0.183574218,17.66887868,0.221366613,1.3
761,7.428977273,2.442797718,0.958903282,19.7873805,0.293609934,1.3
762,5.265151515,2.996756348,0.277429768,18.04316547,0.332512485,0.918092063
763,6.688825758,2.683296254,0.672017576,13.60477957,0.325941152,1.296008799
764,11.9657197,2.136415494,0.058527061,10.86436949,0.306200636,0.326223184
765,6.828598485,2.195073806,0.172314336,19.33046734,0.202987535,1.083245201
766,5.821590909,1.852777677,1.134285634,10.82178411,0.271711616,0.503320093
767,8.169507576,2.302941269,0.255951597,14.44395502,0.279606427,0.373485617
768,8.858333333,2.280274917,0.667754591,14.5625588,0.231414829,1.3
769,9.092045455,2.936930111,0.649213825,12.64841895,0.192112908,1.177496461
770,8.245643939,3.108203755,0.777819285,14.55313871,0.000745222,1.053156888
771,7.223674242,2.767889467,1.327763522,15.91987625,0.193996149,0.940325239
772,11.13068182,2.61718315,0.666523168,11.49974477,0.158792521,1.106702708
773,8.677651515,2.595825391,1.052258553,10.02575407,0.215615818,1.3
774,5.199621212,2.418757082,0.619546661,21.15538719,0.049093586,0.851008145
775,4.704356061,2.459867957,0.078092793,19.13120496,0.012536897,0.54897925
776,4.411742424,1.223387151,0.554699643,7.026702155,0.0557309,1.3
777,4.460037879,1.16869194,0.78078239,5.381120217,0.180314478,0.818649669
778,3.980492424,2.738085137,0.87016647,14.31983632,0.027197531,0.735352569
779,6.355871212,2.765569356,0.736585227,15.73348431,0.211942496,0.698922633
780,2.637878788,1.00113545,0.388507394,18.95462378,0.141874327,0.899345932
781,3.590530303,2.128507376,0.342570456,14.48254035,0.281902732,0.704691152
782,3.666287879,3.05376558,0.512314169,19.6383924,0.214139596,0.950257901
783,4.337689394,2.525458558,0.490810486,14.29332402,0.193902889,0.712445271
784,4.423295455,2.603220215,0.738548602,18.08606294,0.116782571,0.756298727
785,2.448674242,2.019305293,0.045851869,24.50305515,0.17906067,0.771092982
786,1.75530303,0.930266212,0.175411046,24.49719465,0.169204499,0.637441966
787,3.591477273,2.986323138,0.095531816,22.55339345,0.232479864,0.498885338
788,5.833333333,2.325062359,0.342183092,16.11428571,0.217284044,0.984138105
789,2.3375,1.85254062,0.176006525,18.82352941,0.126434736,0.917099339
790,5.695265152,2.320528005,0.838850946,13.69558711,0.187950185,0.77512125
791,5.46344697,2.841022818,0.297712377,17.20525531,0.100772193,1.238581113
792,5.4875,2.041513945,1.042018627,10.38724374,0.21045239,1.293121771
793,3.625757576,2.543435728,0.475642166,33.37233598,0.174968838,0.746339564
794,1.971212121,2.196437908,0.429610253,17.24827056,0.198468608,1.081398974
795,6.930492424,2.458846495,1.37323988,7.791654142,0.277198944,0.54422611
796,2.523863636,2.80911282,0.254086945,31.30121567,0.156998638,0.853242581
797,1.722537879,3.324956474,0.287886273,35.41286421,0.003414641,0.800492078
798,3.589962121,1.348999049,0.272389024,25.34845687,0.348783136,0.777275735
799,4.483901515,2.991018864,0.674757199,19.84878564,0.188755852,0.589940223
800,4.290909091,3.139263223,0.183595239,25.86864407,0.00853263,1.002270178
801,3.486742424,3.228781243,0.289412842,21.22324823,0.181033837,1.3
802,4.627651515,3.056933081,0.611749241,15.77474012,0.133519205,1.3
803,2.852840909,2.367952219,0.491405251,19.98008365,0.003211172,0.918636194
804,4.512878788,2.610052766,0.54271999,25.03944939,0.282261181,0.539128296
805,1.515151515,2.389801015,0.259053284,33,0.268845007,0.818502955
806,1.689583333,2.269287947,0.060313497,31.96054254,0.114353244,0.500720764
807,4.617234848,3.042596904,0.486662803,22.09114402,0.292435483,0.382733315
808,5.551893939,2.899809863,0.822468842,13.32878488,0.237358893,0.914652955
809,2.274621212,1.654100696,0.318600463,20.22314738,0.214051963,0.788219503
810,4.562310606,2.903894427,0.475677162,16.0006642,0.2090373,1.095848419
811,3.953598485,2.54212183,0.240991859,31.36383234,0.173437818,0.625448032
812,5.139583333,2.183685755,0.354936453,22.56992298,0.272572483,0.520237935
813,5.10094697,2.879177455,0.738591621,18.03586678,0.257836878,1.010943314
814,3.422537879,2.868807997,0.301993848,36.23042444,0.182982647,0.773340999
815,5.124810606,3.169962823,0.680690442,17.17136627,0.185147826,0.79556829
816,4.913068182,2.494543818,0.346177408,20.35387996,0.003202372,0.709885205
817,5.645454545,2.964067297,0.786012927,16.47342995,0.273317501,1.081256822
818,3.803219697,2.095828967,0.601061598,24.19003038,0.217091878,0.856542838
819,7.564962121,3.32879055,0.742582979,16.39135768,0.228688544,0.706696972
820,5.519886364,3.230317402,0.52526738,15.58003088,0.243817316,0.994678274
821,6.503409091,3.016292758,0.394565582,14.91525424,0.177779442,0.840090527
822,5.705113636,2.826281968,0.662454477,21.20904292,0.16562562,0.746016401
823,4.960416667,2.715998175,0.6682673,16.12767745,0.25510873,0.987181742
824,5.955871212,2.901091038,0.322825786,20.14818584,0.17904289,0.707942951
825,2.791287879,2.597323819,0.65786181,14.33030262,0.269726686,0.989049109
826,7.752651515,1.489281471,1.238005207,7.481311379,0.282959834,1.3
827,4.668371212,1.157721547,0.620795383,10.06775123,0.169331225,0.878417719
828,2.33655303,1.568904578,0.461775436,31.67058442,0,0.559882199
829,4.640530303,1.118204542,0.730598075,9.912660191,0.007766632,0.772663286
830,3.541477273,1.089188568,0.283182764,7.90630515,0.204866177,0.746432021
831,8.294128788,1.824446296,0.32806244,11.93615418,0.248554895,0.509524033
832,4.551136364,2.196383326,0.075030331,16.03995006,0.170495756,0.920310195
833,4.502462121,0.976454413,0.494770595,6.218819669,0.221073404,0.7578758
834,3.403030303,1.138372863,0.815826155,13.5173642,0.129555878,0.605045088
835,3.76155303,1.557026362,0.05699583,14.08992498,0.149617641,0.666194639
836,4.624242424,1.563340707,0.543165249,11.02883355,0.11143287,0.432124392
837,3.341098485,0.952465744,0.639436206,5.686752452,0.190116138,0.496452613
838,2.100568182,1.283613024,0.364418148,26.18339194,0.142498592,0.362293335
839,3.048295455,1.407157157,0.482314366,15.74650513,0.078033696,0.376583555
840,6.155492424,1.775864167,0.861894954,9.584935848,0.064081413,0.636868717
841,5.469507576,2.1519946,0.371860701,20.84282697,0.150090348,0.549193485
842,2.187121212,1.281458365,0.567025251,23.31832352,0.194011505,0.837290409
843,2.799810606,1.160144099,0.303435758,25.71602516,0,0.688290752
844,4.872537879,2.237899993,0.504194591,15.59762118,0.191567004,0.819821657
845,4.667045455,1.048987295,0.747685634,12.64183102,0.112412815,1.00902119
846,9.427840909,2.368703613,0.766840712,11.13722654,0.233031322,0.610727311
847,8.956628788,1.843102062,0.795131321,9.043581231,0.179070192,0.975213325
848,4.452272727,1.822708096,0.519928953,19.09137315,0.20664551,0.554758901
849,6.202272727,1.70339165,0.473042125,12.57603518,0.134103681,0.346262243
850,6.854356061,3.006298927,0.798488075,14.29747727,0.224188256,1.230367397
851,8.098863636,3.039539919,0.95784268,10.8657219,0.336371277,0.85477717
852,8.106439394,3.118660838,0.475658526,13.93953554,0.328745553,0.497151677
853,9.967045455,2.944567356,0.744179013,12.03967621,0.336747279,0.697869154
854,7.817234848,3.060231985,0.949088147,12.15263477,0.41785136,0.802153408
855,8.267613636,2.343919816,0.095684821,20.07834513,0.0128283,0.666651162
856,0.992992424,0.729249556,0.117384077,16.11291245,0.200245708,1.3
857,1.064772727,0.678386276,0.102215503,26.29669157,0,0.306865695
858,1.368371212,2.312562382,0.091873294,22.65467128,0,0.177971466
859,4.796969697,1.737785867,0.213797263,17.30259002,0,0.162611973
860,2.054924242,0.588648856,0.127295361,10.70599078,0,0.145476202
861,0.662121212,0.557469466,0.144618562,9.061784897,0.232551502,0.209912525
862,0.475189394,0.481175661,0.132466466,18.93981666,0.34273871,0.107847894
863,3.062878788,1.12438715,0.518943422,15.34504081,0.352792867,0.282756292
864,1.343939394,0.677705431,0.090235777,17.11386697,0.299704294,0.544607025
865,3.573106061,1.569750145,0.239508334,20.4304039,0,0.562686093
866,1.070075758,0.580126297,0.231437935,16.82123894,0.22953397,0.756967012
867,0.807386364,1.119741046,0.154271291,12.38564391,0,0.249767473
868,0.507954545,0.699612285,0.20839552,13.78076063,0,0.002161722
869,9.000189394,2.518967236,0.101885442,15.11079312,0.188028708,1.24488749
870,8.067045455,3.458494722,0.728557157,12.52007325,0.199742575,1.3
871,8.80530303,2.87210001,0.02493533,6.359803837,0.352480782,0.20695655
872,8.608901515,3.185413418,0.570117282,15.56528435,0.113757072,1.3
873,9.059090909,2.897049139,0.32420634,14.7917712,0.180384997,1.25717902
874,5.058333333,2.749899128,0.095770727,20.16474465,0.169333984,1.125901473
875,5.536931818,2.744121153,0.595916342,16.7963058,0.236115425,0.841836485
876,8.653598485,3.284127357,0.548101871,15.71600534,0.298704329,0.587434531
